State,Crop,AVERAGE PHL (%),Avg Rainfall,Avg Humidity,Avg Temp,Risk Score
Abia,Bananas,30.0,152.17208333333335,85.69598214285713,25.7059375,Medium
Abia,"Cassava, fresh",30.0,152.17208333333335,85.69598214285713,25.7059375,Medium
Abia,Cocoa beans,30.0,152.17208333333335,85.69598214285713,25.7059375,Medium
Abia,"Coconuts, in shell",30.0,152.17208333333335,85.69598214285713,25.7059375,Medium
Abia,"Coffee, green",30.0,152.17208333333335,85.69598214285713,25.7059375,Medium
Abia,Kola nuts,30.0,152.17208333333335,85.69598214285713,25.7059375,Medium
Abia,"Mangoes, guavas and mangosteens",30.0,152.17208333333335,85.69598214285713,25.7059375,Medium
Abia,Natural rubber,30.0,152.17208333333335,85.69598214285713,25.7059375,Medium
Abia,Oil palm fruit,30.0,152.17208333333335,85.69598214285713,25.7059375,Medium
Abia,Okra,30.0,152.17208333333335,85.69598214285713,25.7059375,Medium
Abia,Other citrus fruit,30.0,152.17208333333335,85.69598214285713,25.7059375,Medium
Abia,Other fruits,30.0,152.17208333333335,85.69598214285713,25.7059375,Medium
Abia,Other nuts,30.0,152.17208333333335,85.69598214285713,25.7059375,Medium
Abia,Other stimulant crops,30.0,152.17208333333335,85.69598214285713,25.7059375,Medium
Abia,Other vegetables,30.0,152.17208333333335,85.69598214285713,25.7059375,Medium
Abia,Papayas,30.0,152.17208333333335,85.69598214285713,25.7059375,Medium
Abia,Pineapples,30.0,152.17208333333335,85.69598214285713,25.7059375,Medium
Abia,Plantains and cooking bananas,30.0,152.17208333333335,85.69598214285713,25.7059375,Medium
Abia,Rice,30.0,152.17208333333335,85.69598214285713,25.7059375,Medium
Abia,Sugar cane,30.0,152.17208333333335,85.69598214285713,25.7059375,Medium
Abia,Sweet potatoes,30.0,152.17208333333335,85.69598214285713,25.7059375,Medium
Abia,Taro,30.0,152.17208333333335,85.69598214285713,25.7059375,Medium
Abia,Yams,30.0,152.17208333333335,85.69598214285713,25.7059375,Medium
Adamawa,Carrots and turnips,30.0,74.1465625,54.051458333333336,27.996875,Low
Adamawa,"Cashew nuts, in shell",30.0,74.1465625,54.051458333333336,27.996875,Low
Adamawa,"Cassava, fresh",30.0,74.1465625,54.051458333333336,27.996875,Low
Adamawa,"Coffee, green",30.0,74.1465625,54.051458333333336,27.996875,Low
Adamawa,"Ginger, raw",30.0,74.1465625,54.051458333333336,27.996875,Low
Adamawa,Green garlic,30.0,74.1465625,54.051458333333336,27.996875,Low
Adamawa,Potatoes,30.0,74.1465625,54.051458333333336,27.996875,Low
Adamawa,Rice,30.0,74.1465625,54.051458333333336,27.996875,Low
Adamawa,Wheat,30.0,74.1465625,54.051458333333336,27.996875,Low
Akwa Ibom,Bananas,30.0,232.13364583333336,86.75218749999999,26.136875,Medium
Akwa Ibom,"Cassava, fresh",30.0,232.13364583333336,86.75218749999999,26.136875,Medium
Akwa Ibom,Cocoa beans,30.0,232.13364583333336,86.75218749999999,26.136875,Medium
Akwa Ibom,"Coconuts, in shell",30.0,232.13364583333336,86.75218749999999,26.136875,Medium
Akwa Ibom,"Coffee, green",30.0,232.13364583333336,86.75218749999999,26.136875,Medium
Akwa Ibom,Kola nuts,30.0,232.13364583333336,86.75218749999999,26.136875,Medium
Akwa Ibom,"Mangoes, guavas and mangosteens",30.0,232.13364583333336,86.75218749999999,26.136875,Medium
Akwa Ibom,Natural rubber,30.0,232.13364583333336,86.75218749999999,26.136875,Medium
Akwa Ibom,Oil palm fruit,30.0,232.13364583333336,86.75218749999999,26.136875,Medium
Akwa Ibom,Okra,30.0,232.13364583333336,86.75218749999999,26.136875,Medium
Akwa Ibom,Other citrus fruit,30.0,232.13364583333336,86.75218749999999,26.136875,Medium
Akwa Ibom,Other fruits,30.0,232.13364583333336,86.75218749999999,26.136875,Medium
Akwa Ibom,Other nuts,30.0,232.13364583333336,86.75218749999999,26.136875,Medium
Akwa Ibom,Other stimulant crops,30.0,232.13364583333336,86.75218749999999,26.136875,Medium
Akwa Ibom,Other vegetables,30.0,232.13364583333336,86.75218749999999,26.136875,Medium
Akwa Ibom,Papayas,30.0,232.13364583333336,86.75218749999999,26.136875,Medium
Akwa Ibom,Pineapples,30.0,232.13364583333336,86.75218749999999,26.136875,Medium
Akwa Ibom,Plantains and cooking bananas,30.0,232.13364583333336,86.75218749999999,26.136875,Medium
Akwa Ibom,Rice,30.0,232.13364583333336,86.75218749999999,26.136875,Medium
Akwa Ibom,Sugar cane,30.0,232.13364583333336,86.75218749999999,26.136875,Medium
Akwa Ibom,Sweet potatoes,30.0,232.13364583333336,86.75218749999999,26.136875,Medium
Akwa Ibom,Taro,30.0,232.13364583333336,86.75218749999999,26.136875,Medium
Akwa Ibom,Yams,30.0,232.13364583333336,86.75218749999999,26.136875,Medium
Anambra,Bananas,30.0,157.76760416666667,84.61895833333334,25.752916666666668,Medium
Anambra,"Cashew nuts, in shell",30.0,157.76760416666667,84.61895833333334,25.752916666666668,Medium
Anambra,"Cassava, fresh",30.0,157.76760416666667,84.61895833333334,25.752916666666668,Medium
Anambra,Cocoa beans,30.0,157.76760416666667,84.61895833333334,25.752916666666668,Medium
Anambra,"Coconuts, in shell",30.0,157.76760416666667,84.61895833333334,25.752916666666668,Medium
Anambra,"Coffee, green",30.0,157.76760416666667,84.61895833333334,25.752916666666668,Medium
Anambra,Kola nuts,30.0,157.76760416666667,84.61895833333334,25.752916666666668,Medium
Anambra,Natural rubber,30.0,157.76760416666667,84.61895833333334,25.752916666666668,Medium
Anambra,Oil palm fruit,30.0,157.76760416666667,84.61895833333334,25.752916666666668,Medium
Anambra,Okra,30.0,157.76760416666667,84.61895833333334,25.752916666666668,Medium
Anambra,Other citrus fruit,30.0,157.76760416666667,84.61895833333334,25.752916666666668,Medium
Anambra,Other fruits,30.0,157.76760416666667,84.61895833333334,25.752916666666668,Medium
Anambra,Other nuts,30.0,157.76760416666667,84.61895833333334,25.752916666666668,Medium
Anambra,Other stimulant crops,30.0,157.76760416666667,84.61895833333334,25.752916666666668,Medium
Anambra,Other vegetables,30.0,157.76760416666667,84.61895833333334,25.752916666666668,Medium
Anambra,Papayas,30.0,157.76760416666667,84.61895833333334,25.752916666666668,Medium
Anambra,Pineapples,30.0,157.76760416666667,84.61895833333334,25.752916666666668,Medium
Anambra,Plantains and cooking bananas,30.0,157.76760416666667,84.61895833333334,25.752916666666668,Medium
Anambra,Rice,30.0,157.76760416666667,84.61895833333334,25.752916666666668,Medium
Anambra,Sugar cane,30.0,157.76760416666667,84.61895833333334,25.752916666666668,Medium
Anambra,Sweet potatoes,30.0,157.76760416666667,84.61895833333334,25.752916666666668,Medium
Anambra,Taro,30.0,157.76760416666667,84.61895833333334,25.752916666666668,Medium
Anambra,Yams,30.0,157.76760416666667,84.61895833333334,25.752916666666668,Medium
Bauchi,Carrots and turnips,30.0,167.19302083333335,53.2603125,25.08458333333333,Low
Bauchi,"Chillies and peppers, dry",30.0,167.19302083333335,53.2603125,25.08458333333333,Low
Bauchi,"Chillies and peppers, green",30.0,167.19302083333335,53.2603125,25.08458333333333,Low
Bauchi,"Coffee, green",30.0,167.19302083333335,53.2603125,25.08458333333333,Low
Bauchi,"Cow peas, dry",30.0,167.19302083333335,53.2603125,25.08458333333333,Low
Bauchi,Green garlic,30.0,167.19302083333335,53.2603125,25.08458333333333,Low
Bauchi,Melonseed,30.0,167.19302083333335,53.2603125,25.08458333333333,Low
Bauchi,Other oil seeds,30.0,167.19302083333335,53.2603125,25.08458333333333,Low
Bauchi,Other pulses,30.0,167.19302083333335,53.2603125,25.08458333333333,Low
Bauchi,Potatoes,30.0,167.19302083333335,53.2603125,25.08458333333333,Low
Bauchi,Seed cotton,30.0,167.19302083333335,53.2603125,25.08458333333333,Low
Bauchi,Sesame seed,30.0,167.19302083333335,53.2603125,25.08458333333333,Low
Bauchi,Tomatoes,30.0,167.19302083333335,53.2603125,25.08458333333333,Low
Bauchi,Wheat,30.0,167.19302083333335,53.2603125,25.08458333333333,Low
Bayelsa,Bananas,30.0,273.5364583333333,88.78229166666667,26.032395833333336,Medium
Bayelsa,"Cassava, fresh",30.0,273.5364583333333,88.78229166666667,26.032395833333336,Medium
Bayelsa,Cocoa beans,30.0,273.5364583333333,88.78229166666667,26.032395833333336,Medium
Bayelsa,"Coconuts, in shell",30.0,273.5364583333333,88.78229166666667,26.032395833333336,Medium
Bayelsa,"Coffee, green",30.0,273.5364583333333,88.78229166666667,26.032395833333336,Medium
Bayelsa,Kola nuts,30.0,273.5364583333333,88.78229166666667,26.032395833333336,Medium
Bayelsa,Natural rubber,30.0,273.5364583333333,88.78229166666667,26.032395833333336,Medium
Bayelsa,Oil palm fruit,30.0,273.5364583333333,88.78229166666667,26.032395833333336,Medium
Bayelsa,Okra,30.0,273.5364583333333,88.78229166666667,26.032395833333336,Medium
Bayelsa,Other citrus fruit,30.0,273.5364583333333,88.78229166666667,26.032395833333336,Medium
Bayelsa,Other fruits,30.0,273.5364583333333,88.78229166666667,26.032395833333336,Medium
Bayelsa,Other nuts,30.0,273.5364583333333,88.78229166666667,26.032395833333336,Medium
Bayelsa,Other stimulant crops,30.0,273.5364583333333,88.78229166666667,26.032395833333336,Medium
Bayelsa,Other vegetables,30.0,273.5364583333333,88.78229166666667,26.032395833333336,Medium
Bayelsa,Papayas,30.0,273.5364583333333,88.78229166666667,26.032395833333336,Medium
Bayelsa,Pineapples,30.0,273.5364583333333,88.78229166666667,26.032395833333336,Medium
Bayelsa,Plantains and cooking bananas,30.0,273.5364583333333,88.78229166666667,26.032395833333336,Medium
Bayelsa,Rice,30.0,273.5364583333333,88.78229166666667,26.032395833333336,Medium
Bayelsa,Sugar cane,30.0,273.5364583333333,88.78229166666667,26.032395833333336,Medium
Bayelsa,Sweet potatoes,30.0,273.5364583333333,88.78229166666667,26.032395833333336,Medium
Bayelsa,Taro,30.0,273.5364583333333,88.78229166666667,26.032395833333336,Medium
Bayelsa,Yams,30.0,273.5364583333333,88.78229166666667,26.032395833333336,Medium
Benue,Carrots and turnips,30.0,101.77666666666666,73.6415625,26.323645833333334,Medium
Benue,"Cashew nuts, in shell",30.0,101.77666666666666,73.6415625,26.323645833333334,Medium
Benue,"Cassava, fresh",30.0,101.77666666666666,73.6415625,26.323645833333334,Medium
Benue,"Ginger, raw",30.0,101.77666666666666,73.6415625,26.323645833333334,Medium
Benue,Green corn (maize),30.0,101.77666666666666,73.6415625,26.323645833333334,Medium
Benue,Karite nuts (sheanuts),30.0,101.77666666666666,73.6415625,26.323645833333334,Medium
Benue,Kenaf,30.0,101.77666666666666,73.6415625,26.323645833333334,Medium
Benue,Maize (corn),30.0,101.77666666666666,73.6415625,26.323645833333334,Medium
Benue,"Mangoes, guavas and mangosteens",30.0,101.77666666666666,73.6415625,26.323645833333334,Medium
Benue,Other fibre crops,30.0,101.77666666666666,73.6415625,26.323645833333334,Medium
Benue,Rice,30.0,101.77666666666666,73.6415625,26.323645833333334,Medium
Benue,Soya beans,30.0,101.77666666666666,73.6415625,26.323645833333334,Medium
Benue,Sugar cane,30.0,101.77666666666666,73.6415625,26.323645833333334,Medium
Benue,Unmanufactured tobacco,30.0,101.77666666666666,73.6415625,26.323645833333334,Medium
Benue,Yams,30.0,101.77666666666666,73.6415625,26.323645833333334,Medium
Borno,"Chillies and peppers, dry",30.0,38.59614583333333,39.5009375,28.3371875,Low
Borno,"Chillies and peppers, green",30.0,38.59614583333333,39.5009375,28.3371875,Low
Borno,"Cow peas, dry",30.0,38.59614583333333,39.5009375,28.3371875,Low
Borno,Fonio,30.0,38.59614583333333,39.5009375,28.3371875,Low
Borno,"Groundnuts, excluding shelled",30.0,38.59614583333333,39.5009375,28.3371875,Low
Borno,Melonseed,30.0,38.59614583333333,39.5009375,28.3371875,Low
Borno,Millet,30.0,38.59614583333333,39.5009375,28.3371875,Low
Borno,"Onions and shallots, dry",30.0,38.59614583333333,39.5009375,28.3371875,Low
Borno,"Onions and shallots, green",30.0,38.59614583333333,39.5009375,28.3371875,Low
Borno,Other oil seeds,30.0,38.59614583333333,39.5009375,28.3371875,Low
Borno,Other pulses,30.0,38.59614583333333,39.5009375,28.3371875,Low
Borno,Seed cotton,30.0,38.59614583333333,39.5009375,28.3371875,Low
Borno,Sesame seed,30.0,38.59614583333333,39.5009375,28.3371875,Low
Borno,Sorghum,30.0,38.59614583333333,39.5009375,28.3371875,Low
Borno,Tomatoes,30.0,38.59614583333333,39.5009375,28.3371875,Low
Cross River,Bananas,30.0,232.13364583333336,86.75218749999999,26.136875,Medium
Cross River,"Cassava, fresh",30.0,232.13364583333336,86.75218749999999,26.136875,Medium
Cross River,Cocoa beans,30.0,232.13364583333336,86.75218749999999,26.136875,Medium
Cross River,"Coconuts, in shell",30.0,232.13364583333336,86.75218749999999,26.136875,Medium
Cross River,"Coffee, green",30.0,232.13364583333336,86.75218749999999,26.136875,Medium
Cross River,Kola nuts,30.0,232.13364583333336,86.75218749999999,26.136875,Medium
Cross River,"Mangoes, guavas and mangosteens",30.0,232.13364583333336,86.75218749999999,26.136875,Medium
Cross River,Natural rubber,30.0,232.13364583333336,86.75218749999999,26.136875,Medium
Cross River,Oil palm fruit,30.0,232.13364583333336,86.75218749999999,26.136875,Medium
Cross River,Okra,30.0,232.13364583333336,86.75218749999999,26.136875,Medium
Cross River,Other citrus fruit,30.0,232.13364583333336,86.75218749999999,26.136875,Medium
Cross River,Other fruits,30.0,232.13364583333336,86.75218749999999,26.136875,Medium
Cross River,Other nuts,30.0,232.13364583333336,86.75218749999999,26.136875,Medium
Cross River,Other stimulant crops,30.0,232.13364583333336,86.75218749999999,26.136875,Medium
Cross River,Other vegetables,30.0,232.13364583333336,86.75218749999999,26.136875,Medium
Cross River,Papayas,30.0,232.13364583333336,86.75218749999999,26.136875,Medium
Cross River,Pineapples,30.0,232.13364583333336,86.75218749999999,26.136875,Medium
Cross River,Plantains and cooking bananas,30.0,232.13364583333336,86.75218749999999,26.136875,Medium
Cross River,Rice,30.0,232.13364583333336,86.75218749999999,26.136875,Medium
Cross River,Sugar cane,30.0,232.13364583333336,86.75218749999999,26.136875,Medium
Cross River,Sweet potatoes,30.0,232.13364583333336,86.75218749999999,26.136875,Medium
Cross River,Taro,30.0,232.13364583333336,86.75218749999999,26.136875,Medium
Cross River,Yams,30.0,232.13364583333336,86.75218749999999,26.136875,Medium
Delta,Bananas,30.0,196.16635416666668,88.64729166666666,25.938020833333336,Medium
Delta,"Cashew nuts, in shell",30.0,196.16635416666668,88.64729166666666,25.938020833333336,Medium
Delta,"Cassava, fresh",30.0,196.16635416666668,88.64729166666666,25.938020833333336,Medium
Delta,Cocoa beans,30.0,196.16635416666668,88.64729166666666,25.938020833333336,Medium
Delta,"Coconuts, in shell",30.0,196.16635416666668,88.64729166666666,25.938020833333336,Medium
Delta,"Coffee, green",30.0,196.16635416666668,88.64729166666666,25.938020833333336,Medium
Delta,Kenaf,30.0,196.16635416666668,88.64729166666666,25.938020833333336,Medium
Delta,Kola nuts,30.0,196.16635416666668,88.64729166666666,25.938020833333336,Medium
Delta,"Mangoes, guavas and mangosteens",30.0,196.16635416666668,88.64729166666666,25.938020833333336,Medium
Delta,Natural rubber,30.0,196.16635416666668,88.64729166666666,25.938020833333336,Medium
Delta,Oil palm fruit,30.0,196.16635416666668,88.64729166666666,25.938020833333336,Medium
Delta,Okra,30.0,196.16635416666668,88.64729166666666,25.938020833333336,Medium
Delta,Other citrus fruit,30.0,196.16635416666668,88.64729166666666,25.938020833333336,Medium
Delta,Other fruits,30.0,196.16635416666668,88.64729166666666,25.938020833333336,Medium
Delta,Other nuts,30.0,196.16635416666668,88.64729166666666,25.938020833333336,Medium
Delta,Other stimulant crops,30.0,196.16635416666668,88.64729166666666,25.938020833333336,Medium
Delta,Other vegetables,30.0,196.16635416666668,88.64729166666666,25.938020833333336,Medium
Delta,Papayas,30.0,196.16635416666668,88.64729166666666,25.938020833333336,Medium
Delta,Pineapples,30.0,196.16635416666668,88.64729166666666,25.938020833333336,Medium
Delta,Plantains and cooking bananas,30.0,196.16635416666668,88.64729166666666,25.938020833333336,Medium
Delta,Rice,30.0,196.16635416666668,88.64729166666666,25.938020833333336,Medium
Delta,Sugar cane,30.0,196.16635416666668,88.64729166666666,25.938020833333336,Medium
Delta,Sweet potatoes,30.0,196.16635416666668,88.64729166666666,25.938020833333336,Medium
Delta,Taro,30.0,196.16635416666668,88.64729166666666,25.938020833333336,Medium
Delta,Yams,30.0,196.16635416666668,88.64729166666666,25.938020833333336,Medium
Ebonyi,Bananas,30.0,97.54135416666666,79.2865625,26.199166666666667,Medium
Ebonyi,"Cassava, fresh",30.0,97.54135416666666,79.2865625,26.199166666666667,Medium
Ebonyi,Cocoa beans,30.0,97.54135416666666,79.2865625,26.199166666666667,Medium
Ebonyi,"Coconuts, in shell",30.0,97.54135416666666,79.2865625,26.199166666666667,Medium
Ebonyi,"Coffee, green",30.0,97.54135416666666,79.2865625,26.199166666666667,Medium
Ebonyi,Kola nuts,30.0,97.54135416666666,79.2865625,26.199166666666667,Medium
Ebonyi,"Mangoes, guavas and mangosteens",30.0,97.54135416666666,79.2865625,26.199166666666667,Medium
Ebonyi,Okra,30.0,97.54135416666666,79.2865625,26.199166666666667,Medium
Ebonyi,Other fruits,30.0,97.54135416666666,79.2865625,26.199166666666667,Medium
Ebonyi,Other stimulant crops,30.0,97.54135416666666,79.2865625,26.199166666666667,Medium
Ebonyi,Other vegetables,30.0,97.54135416666666,79.2865625,26.199166666666667,Medium
Ebonyi,Papayas,30.0,97.54135416666666,79.2865625,26.199166666666667,Medium
Ebonyi,Pineapples,30.0,97.54135416666666,79.2865625,26.199166666666667,Medium
Ebonyi,Plantains and cooking bananas,30.0,97.54135416666666,79.2865625,26.199166666666667,Medium
Ebonyi,Rice,30.0,97.54135416666666,79.2865625,26.199166666666667,Medium
Ebonyi,Sugar cane,30.0,97.54135416666666,79.2865625,26.199166666666667,Medium
Ebonyi,Sweet potatoes,30.0,97.54135416666666,79.2865625,26.199166666666667,Medium
Ebonyi,Taro,30.0,97.54135416666666,79.2865625,26.199166666666667,Medium
Ebonyi,Yams,30.0,97.54135416666666,79.2865625,26.199166666666667,Medium
Edo,Bananas,30.0,128.35395833333334,81.55552083333333,25.594895833333336,Medium
Edo,"Cashew nuts, in shell",30.0,128.35395833333334,81.55552083333333,25.594895833333336,Medium
Edo,"Cassava, fresh",30.0,128.35395833333334,81.55552083333333,25.594895833333336,Medium
Edo,Cocoa beans,30.0,128.35395833333334,81.55552083333333,25.594895833333336,Medium
Edo,"Coconuts, in shell",30.0,128.35395833333334,81.55552083333333,25.594895833333336,Medium
Edo,"Coffee, green",30.0,128.35395833333334,81.55552083333333,25.594895833333336,Medium
Edo,Kenaf,30.0,128.35395833333334,81.55552083333333,25.594895833333336,Medium
Edo,Kola nuts,30.0,128.35395833333334,81.55552083333333,25.594895833333336,Medium
Edo,Natural rubber,30.0,128.35395833333334,81.55552083333333,25.594895833333336,Medium
Edo,Oil palm fruit,30.0,128.35395833333334,81.55552083333333,25.594895833333336,Medium
Edo,Other citrus fruit,30.0,128.35395833333334,81.55552083333333,25.594895833333336,Medium
Edo,Other fruits,30.0,128.35395833333334,81.55552083333333,25.594895833333336,Medium
Edo,Other nuts,30.0,128.35395833333334,81.55552083333333,25.594895833333336,Medium
Edo,Other stimulant crops,30.0,128.35395833333334,81.55552083333333,25.594895833333336,Medium
Edo,Papayas,30.0,128.35395833333334,81.55552083333333,25.594895833333336,Medium
Edo,Pineapples,30.0,128.35395833333334,81.55552083333333,25.594895833333336,Medium
Edo,Plantains and cooking bananas,30.0,128.35395833333334,81.55552083333333,25.594895833333336,Medium
Edo,Rice,30.0,128.35395833333334,81.55552083333333,25.594895833333336,Medium
Edo,Sugar cane,30.0,128.35395833333334,81.55552083333333,25.594895833333336,Medium
Edo,Sweet potatoes,30.0,128.35395833333334,81.55552083333333,25.594895833333336,Medium
Edo,Taro,30.0,128.35395833333334,81.55552083333333,25.594895833333336,Medium
Ekiti,Bananas,30.0,146.9544791666667,81.55,24.833541666666665,Moderate
Ekiti,"Cashew nuts, in shell",30.0,146.9544791666667,81.55,24.833541666666665,Moderate
Ekiti,"Cassava, fresh",30.0,146.9544791666667,81.55,24.833541666666665,Moderate
Ekiti,Green corn (maize),30.0,146.9544791666667,81.55,24.833541666666665,Moderate
Ekiti,Kenaf,30.0,146.9544791666667,81.55,24.833541666666665,Moderate
Ekiti,"Mangoes, guavas and mangosteens",30.0,146.9544791666667,81.55,24.833541666666665,Moderate
Ekiti,Okra,30.0,146.9544791666667,81.55,24.833541666666665,Moderate
Ekiti,Other citrus fruit,30.0,146.9544791666667,81.55,24.833541666666665,Moderate
Ekiti,Other nuts,30.0,146.9544791666667,81.55,24.833541666666665,Moderate
Ekiti,Other vegetables,30.0,146.9544791666667,81.55,24.833541666666665,Moderate
Ekiti,Plantains and cooking bananas,30.0,146.9544791666667,81.55,24.833541666666665,Moderate
Ekiti,Rice,30.0,146.9544791666667,81.55,24.833541666666665,Moderate
Ekiti,Sweet potatoes,30.0,146.9544791666667,81.55,24.833541666666665,Moderate
Ekiti,Yams,30.0,146.9544791666667,81.55,24.833541666666665,Moderate
Enugu,Bananas,30.0,114.48760416666666,81.36333333333333,25.63489583333333,Medium
Enugu,"Cashew nuts, in shell",30.0,114.48760416666666,81.36333333333333,25.63489583333333,Medium
Enugu,"Cassava, fresh",30.0,114.48760416666666,81.36333333333333,25.63489583333333,Medium
Enugu,Cocoa beans,30.0,114.48760416666666,81.36333333333333,25.63489583333333,Medium
Enugu,"Coconuts, in shell",30.0,114.48760416666666,81.36333333333333,25.63489583333333,Medium
Enugu,"Coffee, green",30.0,114.48760416666666,81.36333333333333,25.63489583333333,Medium
Enugu,Kenaf,30.0,114.48760416666666,81.36333333333333,25.63489583333333,Medium
Enugu,Kola nuts,30.0,114.48760416666666,81.36333333333333,25.63489583333333,Medium
Enugu,"Mangoes, guavas and mangosteens",30.0,114.48760416666666,81.36333333333333,25.63489583333333,Medium
Enugu,Okra,30.0,114.48760416666666,81.36333333333333,25.63489583333333,Medium
Enugu,Other citrus fruit,30.0,114.48760416666666,81.36333333333333,25.63489583333333,Medium
Enugu,Other fruits,30.0,114.48760416666666,81.36333333333333,25.63489583333333,Medium
Enugu,Other nuts,30.0,114.48760416666666,81.36333333333333,25.63489583333333,Medium
Enugu,Other stimulant crops,30.0,114.48760416666666,81.36333333333333,25.63489583333333,Medium
Enugu,Other vegetables,30.0,114.48760416666666,81.36333333333333,25.63489583333333,Medium
Enugu,Papayas,30.0,114.48760416666666,81.36333333333333,25.63489583333333,Medium
Enugu,Pineapples,30.0,114.48760416666666,81.36333333333333,25.63489583333333,Medium
Enugu,Plantains and cooking bananas,30.0,114.48760416666666,81.36333333333333,25.63489583333333,Medium
Enugu,Rice,30.0,114.48760416666666,81.36333333333333,25.63489583333333,Medium
Enugu,Sugar cane,30.0,114.48760416666666,81.36333333333333,25.63489583333333,Medium
Enugu,Sweet potatoes,30.0,114.48760416666666,81.36333333333333,25.63489583333333,Medium
Enugu,Taro,30.0,114.48760416666666,81.36333333333333,25.63489583333333,Medium
Enugu,Yams,30.0,114.48760416666666,81.36333333333333,25.63489583333333,Medium
FCT,Carrots and turnips,30.0,104.94760416666666,67.69208333333334,25.751770833333335,Low
FCT,"Cashew nuts, in shell",30.0,104.94760416666666,67.69208333333334,25.751770833333335,Low
FCT,"Cassava, fresh",30.0,104.94760416666666,67.69208333333334,25.751770833333335,Low
FCT,"Chillies and peppers, dry",30.0,104.94760416666666,67.69208333333334,25.751770833333335,Low
FCT,"Chillies and peppers, green",30.0,104.94760416666666,67.69208333333334,25.751770833333335,Low
FCT,"Cow peas, dry",30.0,104.94760416666666,67.69208333333334,25.751770833333335,Low
FCT,"Ginger, raw",30.0,104.94760416666666,67.69208333333334,25.751770833333335,Low
FCT,Green corn (maize),30.0,104.94760416666666,67.69208333333334,25.751770833333335,Low
FCT,Karite nuts (sheanuts),30.0,104.94760416666666,67.69208333333334,25.751770833333335,Low
FCT,Kenaf,30.0,104.94760416666666,67.69208333333334,25.751770833333335,Low
FCT,Maize (corn),30.0,104.94760416666666,67.69208333333334,25.751770833333335,Low
FCT,"Mangoes, guavas and mangosteens",30.0,104.94760416666666,67.69208333333334,25.751770833333335,Low
FCT,Melonseed,30.0,104.94760416666666,67.69208333333334,25.751770833333335,Low
FCT,Other fibre crops,30.0,104.94760416666666,67.69208333333334,25.751770833333335,Low
FCT,Other oil seeds,30.0,104.94760416666666,67.69208333333334,25.751770833333335,Low
FCT,Other pulses,30.0,104.94760416666666,67.69208333333334,25.751770833333335,Low
FCT,Rice,30.0,104.94760416666666,67.69208333333334,25.751770833333335,Low
FCT,Seed cotton,30.0,104.94760416666666,67.69208333333334,25.751770833333335,Low
FCT,Sesame seed,30.0,104.94760416666666,67.69208333333334,25.751770833333335,Low
FCT,Soya beans,30.0,104.94760416666666,67.69208333333334,25.751770833333335,Low
FCT,Tomatoes,30.0,104.94760416666666,67.69208333333334,25.751770833333335,Low
FCT,Unmanufactured tobacco,30.0,104.94760416666666,67.69208333333334,25.751770833333335,Low
FCT,Yams,30.0,104.94760416666666,67.69208333333334,25.751770833333335,Low
Gombe,Carrots and turnips,30.0,118.96885416666667,59.557812500000004,25.78916666666667,Low
Gombe,"Cashew nuts, in shell",30.0,118.96885416666667,59.557812500000004,25.78916666666667,Low
Gombe,"Cassava, fresh",30.0,118.96885416666667,59.557812500000004,25.78916666666667,Low
Gombe,"Chillies and peppers, dry",30.0,118.96885416666667,59.557812500000004,25.78916666666667,Low
Gombe,"Chillies and peppers, green",30.0,118.96885416666667,59.557812500000004,25.78916666666667,Low
Gombe,"Coffee, green",30.0,118.96885416666667,59.557812500000004,25.78916666666667,Low
Gombe,"Cow peas, dry",30.0,118.96885416666667,59.557812500000004,25.78916666666667,Low
Gombe,Fonio,30.0,118.96885416666667,59.557812500000004,25.78916666666667,Low
Gombe,"Ginger, raw",30.0,118.96885416666667,59.557812500000004,25.78916666666667,Low
Gombe,Green garlic,30.0,118.96885416666667,59.557812500000004,25.78916666666667,Low
Gombe,"Groundnuts, excluding shelled",30.0,118.96885416666667,59.557812500000004,25.78916666666667,Low
Gombe,Melonseed,30.0,118.96885416666667,59.557812500000004,25.78916666666667,Low
Gombe,Millet,30.0,118.96885416666667,59.557812500000004,25.78916666666667,Low
Gombe,"Onions and shallots, dry",30.0,118.96885416666667,59.557812500000004,25.78916666666667,Low
Gombe,"Onions and shallots, green",30.0,118.96885416666667,59.557812500000004,25.78916666666667,Low
Gombe,Other oil seeds,30.0,118.96885416666667,59.557812500000004,25.78916666666667,Low
Gombe,Other pulses,30.0,118.96885416666667,59.557812500000004,25.78916666666667,Low
Gombe,Potatoes,30.0,118.96885416666667,59.557812500000004,25.78916666666667,Low
Gombe,Rice,30.0,118.96885416666667,59.557812500000004,25.78916666666667,Low
Gombe,Seed cotton,30.0,118.96885416666667,59.557812500000004,25.78916666666667,Low
Gombe,Sesame seed,30.0,118.96885416666667,59.557812500000004,25.78916666666667,Low
Gombe,Sorghum,30.0,118.96885416666667,59.557812500000004,25.78916666666667,Low
Gombe,Tomatoes,30.0,118.96885416666667,59.557812500000004,25.78916666666667,Low
Gombe,Wheat,30.0,118.96885416666667,59.557812500000004,25.78916666666667,Low
Gombe,Yams,30.0,118.96885416666667,59.557812500000004,25.78916666666667,Low
Imo,Bananas,30.0,179.94583333333333,85.87302083333333,25.921875,Medium
Imo,"Cassava, fresh",30.0,179.94583333333333,85.87302083333333,25.921875,Medium
Imo,Cocoa beans,30.0,179.94583333333333,85.87302083333333,25.921875,Medium
Imo,"Coconuts, in shell",30.0,179.94583333333333,85.87302083333333,25.921875,Medium
Imo,"Coffee, green",30.0,179.94583333333333,85.87302083333333,25.921875,Medium
Imo,Kola nuts,30.0,179.94583333333333,85.87302083333333,25.921875,Medium
Imo,"Mangoes, guavas and mangosteens",30.0,179.94583333333333,85.87302083333333,25.921875,Medium
Imo,Natural rubber,30.0,179.94583333333333,85.87302083333333,25.921875,Medium
Imo,Oil palm fruit,30.0,179.94583333333333,85.87302083333333,25.921875,Medium
Imo,Okra,30.0,179.94583333333333,85.87302083333333,25.921875,Medium
Imo,Other citrus fruit,30.0,179.94583333333333,85.87302083333333,25.921875,Medium
Imo,Other fruits,30.0,179.94583333333333,85.87302083333333,25.921875,Medium
Imo,Other nuts,30.0,179.94583333333333,85.87302083333333,25.921875,Medium
Imo,Other stimulant crops,30.0,179.94583333333333,85.87302083333333,25.921875,Medium
Imo,Other vegetables,30.0,179.94583333333333,85.87302083333333,25.921875,Medium
Imo,Papayas,30.0,179.94583333333333,85.87302083333333,25.921875,Medium
Imo,Pineapples,30.0,179.94583333333333,85.87302083333333,25.921875,Medium
Imo,Plantains and cooking bananas,30.0,179.94583333333333,85.87302083333333,25.921875,Medium
Imo,Rice,30.0,179.94583333333333,85.87302083333333,25.921875,Medium
Imo,Sugar cane,30.0,179.94583333333333,85.87302083333333,25.921875,Medium
Imo,Sweet potatoes,30.0,179.94583333333333,85.87302083333333,25.921875,Medium
Imo,Taro,30.0,179.94583333333333,85.87302083333333,25.921875,Medium
Imo,Yams,30.0,179.94583333333333,85.87302083333333,25.921875,Medium
Jigawa,"Chillies and peppers, dry",30.0,59.61395833333333,43.3025,26.864583333333332,Low
Jigawa,"Chillies and peppers, green",30.0,59.61395833333333,43.3025,26.864583333333332,Low
Jigawa,"Cow peas, dry",30.0,59.61395833333333,43.3025,26.864583333333332,Low
Jigawa,Fonio,30.0,59.61395833333333,43.3025,26.864583333333332,Low
Jigawa,"Groundnuts, excluding shelled",30.0,59.61395833333333,43.3025,26.864583333333332,Low
Jigawa,Melonseed,30.0,59.61395833333333,43.3025,26.864583333333332,Low
Jigawa,Millet,30.0,59.61395833333333,43.3025,26.864583333333332,Low
Jigawa,"Onions and shallots, dry",30.0,59.61395833333333,43.3025,26.864583333333332,Low
Jigawa,"Onions and shallots, green",30.0,59.61395833333333,43.3025,26.864583333333332,Low
Jigawa,Other oil seeds,30.0,59.61395833333333,43.3025,26.864583333333332,Low
Jigawa,Other pulses,30.0,59.61395833333333,43.3025,26.864583333333332,Low
Jigawa,Seed cotton,30.0,59.61395833333333,43.3025,26.864583333333332,Low
Jigawa,Sesame seed,30.0,59.61395833333333,43.3025,26.864583333333332,Low
Jigawa,Sorghum,30.0,59.61395833333333,43.3025,26.864583333333332,Low
Jigawa,Tomatoes,30.0,59.61395833333333,43.3025,26.864583333333332,Low
Kaduna,Carrots and turnips,30.0,233.1084375,66.05520833333334,23.7921875,Low
Kaduna,"Cashew nuts, in shell",30.0,233.1084375,66.05520833333334,23.7921875,Low
Kaduna,"Cassava, fresh",30.0,233.1084375,66.05520833333334,23.7921875,Low
Kaduna,"Chillies and peppers, dry",30.0,233.1084375,66.05520833333334,23.7921875,Low
Kaduna,"Chillies and peppers, green",30.0,233.1084375,66.05520833333334,23.7921875,Low
Kaduna,"Cow peas, dry",30.0,233.1084375,66.05520833333334,23.7921875,Low
Kaduna,"Ginger, raw",30.0,233.1084375,66.05520833333334,23.7921875,Low
Kaduna,Karite nuts (sheanuts),30.0,233.1084375,66.05520833333334,23.7921875,Low
Kaduna,Maize (corn),30.0,233.1084375,66.05520833333334,23.7921875,Low
Kaduna,"Mangoes, guavas and mangosteens",30.0,233.1084375,66.05520833333334,23.7921875,Low
Kaduna,Melonseed,30.0,233.1084375,66.05520833333334,23.7921875,Low
Kaduna,Other fibre crops,30.0,233.1084375,66.05520833333334,23.7921875,Low
Kaduna,Other oil seeds,30.0,233.1084375,66.05520833333334,23.7921875,Low
Kaduna,Other pulses,30.0,233.1084375,66.05520833333334,23.7921875,Low
Kaduna,Rice,30.0,233.1084375,66.05520833333334,23.7921875,Low
Kaduna,Seed cotton,30.0,233.1084375,66.05520833333334,23.7921875,Low
Kaduna,Sesame seed,30.0,233.1084375,66.05520833333334,23.7921875,Low
Kaduna,Soya beans,30.0,233.1084375,66.05520833333334,23.7921875,Low
Kaduna,Tomatoes,30.0,233.1084375,66.05520833333334,23.7921875,Low
Kaduna,Unmanufactured tobacco,30.0,233.1084375,66.05520833333334,23.7921875,Low
Kaduna,Yams,30.0,233.1084375,66.05520833333334,23.7921875,Low
Kano,"Chillies and peppers, dry",30.0,62.90375,45.77114583333333,26.260312499999998,Low
Kano,"Chillies and peppers, green",30.0,62.90375,45.77114583333333,26.260312499999998,Low
Kano,"Cow peas, dry",30.0,62.90375,45.77114583333333,26.260312499999998,Low
Kano,Melonseed,30.0,62.90375,45.77114583333333,26.260312499999998,Low
Kano,Other oil seeds,30.0,62.90375,45.77114583333333,26.260312499999998,Low
Kano,Other pulses,30.0,62.90375,45.77114583333333,26.260312499999998,Low
Kano,Seed cotton,30.0,62.90375,45.77114583333333,26.260312499999998,Low
Kano,Sesame seed,30.0,62.90375,45.77114583333333,26.260312499999998,Low
Kano,Tomatoes,30.0,62.90375,45.77114583333333,26.260312499999998,Low
Katsina,"Chillies and peppers, dry",30.0,96.03000000000002,48.80052083333334,25.631354166666668,Low
Katsina,"Chillies and peppers, green",30.0,96.03000000000002,48.80052083333334,25.631354166666668,Low
Katsina,"Cow peas, dry",30.0,96.03000000000002,48.80052083333334,25.631354166666668,Low
Katsina,Fonio,30.0,96.03000000000002,48.80052083333334,25.631354166666668,Low
Katsina,"Groundnuts, excluding shelled",30.0,96.03000000000002,48.80052083333334,25.631354166666668,Low
Katsina,Melonseed,30.0,96.03000000000002,48.80052083333334,25.631354166666668,Low
Katsina,Millet,30.0,96.03000000000002,48.80052083333334,25.631354166666668,Low
Katsina,"Onions and shallots, dry",30.0,96.03000000000002,48.80052083333334,25.631354166666668,Low
Katsina,"Onions and shallots, green",30.0,96.03000000000002,48.80052083333334,25.631354166666668,Low
Katsina,Other oil seeds,30.0,96.03000000000002,48.80052083333334,25.631354166666668,Low
Katsina,Other pulses,30.0,96.03000000000002,48.80052083333334,25.631354166666668,Low
Katsina,Seed cotton,30.0,96.03000000000002,48.80052083333334,25.631354166666668,Low
Katsina,Sesame seed,30.0,96.03000000000002,48.80052083333334,25.631354166666668,Low
Katsina,Sorghum,30.0,96.03000000000002,48.80052083333334,25.631354166666668,Low
Katsina,Tomatoes,30.0,96.03000000000002,48.80052083333334,25.631354166666668,Low
Kebbi,"Chillies and peppers, dry",30.0,66.52177083333332,52.44052083333333,27.563125,Low
Kebbi,"Chillies and peppers, green",30.0,66.52177083333332,52.44052083333333,27.563125,Low
Kebbi,"Cow peas, dry",30.0,66.52177083333332,52.44052083333333,27.563125,Low
Kebbi,Melonseed,30.0,66.52177083333332,52.44052083333333,27.563125,Low
Kebbi,Other oil seeds,30.0,66.52177083333332,52.44052083333333,27.563125,Low
Kebbi,Other pulses,30.0,66.52177083333332,52.44052083333333,27.563125,Low
Kebbi,Seed cotton,30.0,66.52177083333332,52.44052083333333,27.563125,Low
Kebbi,Sesame seed,30.0,66.52177083333332,52.44052083333333,27.563125,Low
Kebbi,Tomatoes,30.0,66.52177083333332,52.44052083333333,27.563125,Low
Kogi,Carrots and turnips,30.0,108.33854166666667,75.26666666666667,25.712500000000002,Medium
Kogi,"Cashew nuts, in shell",30.0,108.33854166666667,75.26666666666667,25.712500000000002,Medium
Kogi,"Cassava, fresh",30.0,108.33854166666667,75.26666666666667,25.712500000000002,Medium
Kogi,"Ginger, raw",30.0,108.33854166666667,75.26666666666667,25.712500000000002,Medium
Kogi,Green corn (maize),30.0,108.33854166666667,75.26666666666667,25.712500000000002,Medium
Kogi,Karite nuts (sheanuts),30.0,108.33854166666667,75.26666666666667,25.712500000000002,Medium
Kogi,Kenaf,30.0,108.33854166666667,75.26666666666667,25.712500000000002,Medium
Kogi,Maize (corn),30.0,108.33854166666667,75.26666666666667,25.712500000000002,Medium
Kogi,"Mangoes, guavas and mangosteens",30.0,108.33854166666667,75.26666666666667,25.712500000000002,Medium
Kogi,Other fibre crops,30.0,108.33854166666667,75.26666666666667,25.712500000000002,Medium
Kogi,Rice,30.0,108.33854166666667,75.26666666666667,25.712500000000002,Medium
Kogi,Soya beans,30.0,108.33854166666667,75.26666666666667,25.712500000000002,Medium
Kogi,Sugar cane,30.0,108.33854166666667,75.26666666666667,25.712500000000002,Medium
Kogi,Unmanufactured tobacco,30.0,108.33854166666667,75.26666666666667,25.712500000000002,Medium
Kogi,Yams,30.0,108.33854166666667,75.26666666666667,25.712500000000002,Medium
Kwara,Bananas,30.0,74.06145833333333,64.66083333333334,26.602604166666666,Medium
Kwara,Carrots and turnips,30.0,74.06145833333333,64.66083333333334,26.602604166666666,Medium
Kwara,"Cashew nuts, in shell",30.0,74.06145833333333,64.66083333333334,26.602604166666666,Medium
Kwara,"Cassava, fresh",30.0,74.06145833333333,64.66083333333334,26.602604166666666,Medium
Kwara,"Ginger, raw",30.0,74.06145833333333,64.66083333333334,26.602604166666666,Medium
Kwara,Green corn (maize),30.0,74.06145833333333,64.66083333333334,26.602604166666666,Medium
Kwara,Karite nuts (sheanuts),30.0,74.06145833333333,64.66083333333334,26.602604166666666,Medium
Kwara,Kenaf,30.0,74.06145833333333,64.66083333333334,26.602604166666666,Medium
Kwara,Maize (corn),30.0,74.06145833333333,64.66083333333334,26.602604166666666,Medium
Kwara,"Mangoes, guavas and mangosteens",30.0,74.06145833333333,64.66083333333334,26.602604166666666,Medium
Kwara,Other fibre crops,30.0,74.06145833333333,64.66083333333334,26.602604166666666,Medium
Kwara,Rice,30.0,74.06145833333333,64.66083333333334,26.602604166666666,Medium
Kwara,Soya beans,30.0,74.06145833333333,64.66083333333334,26.602604166666666,Medium
Kwara,Sugar cane,30.0,74.06145833333333,64.66083333333334,26.602604166666666,Medium
Kwara,Unmanufactured tobacco,30.0,74.06145833333333,64.66083333333334,26.602604166666666,Medium
Kwara,Yams,30.0,74.06145833333333,64.66083333333334,26.602604166666666,Medium
Lagos,Bananas,30.0,123.55677083333332,85.34781249999999,26.538749999999997,Medium
Lagos,"Cassava, fresh",30.0,123.55677083333332,85.34781249999999,26.538749999999997,Medium
Lagos,Cocoa beans,30.0,123.55677083333332,85.34781249999999,26.538749999999997,Medium
Lagos,"Coconuts, in shell",30.0,123.55677083333332,85.34781249999999,26.538749999999997,Medium
Lagos,"Coffee, green",30.0,123.55677083333332,85.34781249999999,26.538749999999997,Medium
Lagos,Kola nuts,30.0,123.55677083333332,85.34781249999999,26.538749999999997,Medium
Lagos,Other citrus fruit,30.0,123.55677083333332,85.34781249999999,26.538749999999997,Medium
Lagos,Other fruits,30.0,123.55677083333332,85.34781249999999,26.538749999999997,Medium
Lagos,Other stimulant crops,30.0,123.55677083333332,85.34781249999999,26.538749999999997,Medium
Lagos,Papayas,30.0,123.55677083333332,85.34781249999999,26.538749999999997,Medium
Lagos,Pineapples,30.0,123.55677083333332,85.34781249999999,26.538749999999997,Medium
Lagos,Plantains and cooking bananas,30.0,123.55677083333332,85.34781249999999,26.538749999999997,Medium
Lagos,Rice,30.0,123.55677083333332,85.34781249999999,26.538749999999997,Medium
Lagos,Taro,30.0,123.55677083333332,85.34781249999999,26.538749999999997,Medium
Nasarawa,Ginger,30.0,98.65864583333332,66.51229166666667,26.828645833333336,Medium
Nasarawa,"Groundnut, excluding shelled",30.0,98.65864583333332,66.51229166666667,26.828645833333336,Medium
Nasarawa,Maize (corn),30.0,98.65864583333332,66.51229166666667,26.828645833333336,Medium
Nasarawa,Millet,30.0,98.65864583333332,66.51229166666667,26.828645833333336,Medium
Nasarawa,Rice,30.0,98.65864583333332,66.51229166666667,26.828645833333336,Medium
Nasarawa,Sesame seed,30.0,98.65864583333332,66.51229166666667,26.828645833333336,Medium
Nasarawa,Soya beans,30.0,98.65864583333332,66.51229166666667,26.828645833333336,Medium
Niger,Carrots and turnips,30.0,123.09354166666667,68.98177083333333,25.8559375,Medium
Niger,"Cashew nuts, in shell",30.0,123.09354166666667,68.98177083333333,25.8559375,Medium
Niger,"Cassava, fresh",30.0,123.09354166666667,68.98177083333333,25.8559375,Medium
Niger,"Ginger, raw",30.0,123.09354166666667,68.98177083333333,25.8559375,Medium
Niger,Green corn (maize),30.0,123.09354166666667,68.98177083333333,25.8559375,Medium
Niger,Karite nuts (sheanuts),30.0,123.09354166666667,68.98177083333333,25.8559375,Medium
Niger,Kenaf,30.0,123.09354166666667,68.98177083333333,25.8559375,Medium
Niger,Maize (corn),30.0,123.09354166666667,68.98177083333333,25.8559375,Medium
Niger,"Mangoes, guavas and mangosteens",30.0,123.09354166666667,68.98177083333333,25.8559375,Medium
Niger,Other fibre crops,30.0,123.09354166666667,68.98177083333333,25.8559375,Medium
Niger,Rice,30.0,123.09354166666667,68.98177083333333,25.8559375,Medium
Niger,Soya beans,30.0,123.09354166666667,68.98177083333333,25.8559375,Medium
Niger,Unmanufactured tobacco,30.0,123.09354166666667,68.98177083333333,25.8559375,Medium
Niger,Yams,30.0,123.09354166666667,68.98177083333333,25.8559375,Medium
Ogun,Bananas,30.0,150.46322916666665,87.48843749999999,25.682708333333334,Medium
Ogun,"Cashew nuts, in shell",30.0,150.46322916666665,87.48843749999999,25.682708333333334,Medium
Ogun,"Cassava, fresh",30.0,150.46322916666665,87.48843749999999,25.682708333333334,Medium
Ogun,Cocoa beans,30.0,150.46322916666665,87.48843749999999,25.682708333333334,Medium
Ogun,"Coconuts, in shell",30.0,150.46322916666665,87.48843749999999,25.682708333333334,Medium
Ogun,"Coffee, green",30.0,150.46322916666665,87.48843749999999,25.682708333333334,Medium
Ogun,Kenaf,30.0,150.46322916666665,87.48843749999999,25.682708333333334,Medium
Ogun,Kola nuts,30.0,150.46322916666665,87.48843749999999,25.682708333333334,Medium
Ogun,"Mangoes, guavas and mangosteens",30.0,150.46322916666665,87.48843749999999,25.682708333333334,Medium
Ogun,Okra,30.0,150.46322916666665,87.48843749999999,25.682708333333334,Medium
Ogun,Other citrus fruit,30.0,150.46322916666665,87.48843749999999,25.682708333333334,Medium
Ogun,Other fruits,30.0,150.46322916666665,87.48843749999999,25.682708333333334,Medium
Ogun,Other nuts,30.0,150.46322916666665,87.48843749999999,25.682708333333334,Medium
Ogun,Other stimulant crops,30.0,150.46322916666665,87.48843749999999,25.682708333333334,Medium
Ogun,Other vegetables,30.0,150.46322916666665,87.48843749999999,25.682708333333334,Medium
Ogun,Papayas,30.0,150.46322916666665,87.48843749999999,25.682708333333334,Medium
Ogun,Pineapples,30.0,150.46322916666665,87.48843749999999,25.682708333333334,Medium
Ogun,Plantains and cooking bananas,30.0,150.46322916666665,87.48843749999999,25.682708333333334,Medium
Ogun,Rice,30.0,150.46322916666665,87.48843749999999,25.682708333333334,Medium
Ogun,Sugar cane,30.0,150.46322916666665,87.48843749999999,25.682708333333334,Medium
Ogun,Sweet potatoes,30.0,150.46322916666665,87.48843749999999,25.682708333333334,Medium
Ogun,Taro,30.0,150.46322916666665,87.48843749999999,25.682708333333334,Medium
Ogun,Yams,30.0,150.46322916666665,87.48843749999999,25.682708333333334,Medium
Ondo,Bananas,30.0,165.0878125,87.69604166666666,25.04885416666667,Medium
Ondo,"Cashew nuts, in shell",30.0,165.0878125,87.69604166666666,25.04885416666667,Medium
Ondo,"Cassava, fresh",30.0,165.0878125,87.69604166666666,25.04885416666667,Medium
Ondo,Cocoa beans,30.0,165.0878125,87.69604166666666,25.04885416666667,Medium
Ondo,"Coconuts, in shell",30.0,165.0878125,87.69604166666666,25.04885416666667,Medium
Ondo,"Coffee, green",30.0,165.0878125,87.69604166666666,25.04885416666667,Medium
Ondo,Kenaf,30.0,165.0878125,87.69604166666666,25.04885416666667,Medium
Ondo,Kola nuts,30.0,165.0878125,87.69604166666666,25.04885416666667,Medium
Ondo,"Mangoes, guavas and mangosteens",30.0,165.0878125,87.69604166666666,25.04885416666667,Medium
Ondo,Natural rubber,30.0,165.0878125,87.69604166666666,25.04885416666667,Medium
Ondo,Oil palm fruit,30.0,165.0878125,87.69604166666666,25.04885416666667,Medium
Ondo,Okra,30.0,165.0878125,87.69604166666666,25.04885416666667,Medium
Ondo,Other citrus fruit,30.0,165.0878125,87.69604166666666,25.04885416666667,Medium
Ondo,Other fruits,30.0,165.0878125,87.69604166666666,25.04885416666667,Medium
Ondo,Other nuts,30.0,165.0878125,87.69604166666666,25.04885416666667,Medium
Ondo,Other stimulant crops,30.0,165.0878125,87.69604166666666,25.04885416666667,Medium
Ondo,Other vegetables,30.0,165.0878125,87.69604166666666,25.04885416666667,Medium
Ondo,Papayas,30.0,165.0878125,87.69604166666666,25.04885416666667,Medium
Ondo,Pineapples,30.0,165.0878125,87.69604166666666,25.04885416666667,Medium
Ondo,Plantains and cooking bananas,30.0,165.0878125,87.69604166666666,25.04885416666667,Medium
Ondo,Rice,30.0,165.0878125,87.69604166666666,25.04885416666667,Medium
Ondo,Sugar cane,30.0,165.0878125,87.69604166666666,25.04885416666667,Medium
Ondo,Sweet potatoes,30.0,165.0878125,87.69604166666666,25.04885416666667,Medium
Ondo,Taro,30.0,165.0878125,87.69604166666666,25.04885416666667,Medium
Ondo,Yams,30.0,165.0878125,87.69604166666666,25.04885416666667,Medium
Osun,Bananas,30.0,169.6553125,85.73541666666667,24.984687499999996,Medium
Osun,"Cashew nuts, in shell",30.0,169.6553125,85.73541666666667,24.984687499999996,Medium
Osun,"Cassava, fresh",30.0,169.6553125,85.73541666666667,24.984687499999996,Medium
Osun,Cocoa beans,30.0,169.6553125,85.73541666666667,24.984687499999996,Medium
Osun,"Coconuts, in shell",30.0,169.6553125,85.73541666666667,24.984687499999996,Medium
Osun,"Coffee, green",30.0,169.6553125,85.73541666666667,24.984687499999996,Medium
Osun,Kenaf,30.0,169.6553125,85.73541666666667,24.984687499999996,Medium
Osun,Kola nuts,30.0,169.6553125,85.73541666666667,24.984687499999996,Medium
Osun,"Mangoes, guavas and mangosteens",30.0,169.6553125,85.73541666666667,24.984687499999996,Medium
Osun,Okra,30.0,169.6553125,85.73541666666667,24.984687499999996,Medium
Osun,Other citrus fruit,30.0,169.6553125,85.73541666666667,24.984687499999996,Medium
Osun,Other fruits,30.0,169.6553125,85.73541666666667,24.984687499999996,Medium
Osun,Other nuts,30.0,169.6553125,85.73541666666667,24.984687499999996,Medium
Osun,Other stimulant crops,30.0,169.6553125,85.73541666666667,24.984687499999996,Medium
Osun,Other vegetables,30.0,169.6553125,85.73541666666667,24.984687499999996,Medium
Osun,Papayas,30.0,169.6553125,85.73541666666667,24.984687499999996,Medium
Osun,Pineapples,30.0,169.6553125,85.73541666666667,24.984687499999996,Medium
Osun,Plantains and cooking bananas,30.0,169.6553125,85.73541666666667,24.984687499999996,Medium
Osun,Rice,30.0,169.6553125,85.73541666666667,24.984687499999996,Medium
Osun,Sugar cane,30.0,169.6553125,85.73541666666667,24.984687499999996,Medium
Osun,Sweet potatoes,30.0,169.6553125,85.73541666666667,24.984687499999996,Medium
Osun,Taro,30.0,169.6553125,85.73541666666667,24.984687499999996,Medium
Osun,Yams,30.0,169.6553125,85.73541666666667,24.984687499999996,Medium
Oyo,Bananas,30.0,142.86333333333334,81.90479166666667,25.098333333333333,Medium
Oyo,"Cashew nuts, in shell",30.0,142.86333333333334,81.90479166666667,25.098333333333333,Medium
Oyo,"Cassava, fresh",30.0,142.86333333333334,81.90479166666667,25.098333333333333,Medium
Oyo,Cocoa beans,30.0,142.86333333333334,81.90479166666667,25.098333333333333,Medium
Oyo,"Coconuts, in shell",30.0,142.86333333333334,81.90479166666667,25.098333333333333,Medium
Oyo,"Coffee, green",30.0,142.86333333333334,81.90479166666667,25.098333333333333,Medium
Oyo,Green corn (maize),30.0,142.86333333333334,81.90479166666667,25.098333333333333,Medium
Oyo,Kenaf,30.0,142.86333333333334,81.90479166666667,25.098333333333333,Medium
Oyo,Kola nuts,30.0,142.86333333333334,81.90479166666667,25.098333333333333,Medium
Oyo,"Mangoes, guavas and mangosteens",30.0,142.86333333333334,81.90479166666667,25.098333333333333,Medium
Oyo,Okra,30.0,142.86333333333334,81.90479166666667,25.098333333333333,Medium
Oyo,Other citrus fruit,30.0,142.86333333333334,81.90479166666667,25.098333333333333,Medium
Oyo,Other fruits,30.0,142.86333333333334,81.90479166666667,25.098333333333333,Medium
Oyo,Other nuts,30.0,142.86333333333334,81.90479166666667,25.098333333333333,Medium
Oyo,Other stimulant crops,30.0,142.86333333333334,81.90479166666667,25.098333333333333,Medium
Oyo,Other vegetables,30.0,142.86333333333334,81.90479166666667,25.098333333333333,Medium
Oyo,Papayas,30.0,142.86333333333334,81.90479166666667,25.098333333333333,Medium
Oyo,Pineapples,30.0,142.86333333333334,81.90479166666667,25.098333333333333,Medium
Oyo,Plantains and cooking bananas,30.0,142.86333333333334,81.90479166666667,25.098333333333333,Medium
Oyo,Rice,30.0,142.86333333333334,81.90479166666667,25.098333333333333,Medium
Oyo,Sugar cane,30.0,142.86333333333334,81.90479166666667,25.098333333333333,Medium
Oyo,Sweet potatoes,30.0,142.86333333333334,81.90479166666667,25.098333333333333,Medium
Oyo,Taro,30.0,142.86333333333334,81.90479166666667,25.098333333333333,Medium
Oyo,Yams,30.0,142.86333333333334,81.90479166666667,25.098333333333333,Medium
Plateau,Bananas,30.0,83.69666666666667,59.661145833333336,25.768645833333334,Low
Plateau,Carrots and turnips,30.0,83.69666666666667,59.661145833333336,25.768645833333334,Low
Plateau,"Cashew nuts, in shell",30.0,83.69666666666667,59.661145833333336,25.768645833333334,Low
Plateau,"Cassava, fresh",30.0,83.69666666666667,59.661145833333336,25.768645833333334,Low
Plateau,"Chillies and peppers, dry",30.0,83.69666666666667,59.661145833333336,25.768645833333334,Low
Plateau,"Chillies and peppers, green",30.0,83.69666666666667,59.661145833333336,25.768645833333334,Low
Plateau,"Coffee, green",30.0,83.69666666666667,59.661145833333336,25.768645833333334,Low
Plateau,"Cow peas, dry",30.0,83.69666666666667,59.661145833333336,25.768645833333334,Low
Plateau,"Ginger, raw",30.0,83.69666666666667,59.661145833333336,25.768645833333334,Low
Plateau,Green corn (maize),30.0,83.69666666666667,59.661145833333336,25.768645833333334,Low
Plateau,Green garlic,30.0,83.69666666666667,59.661145833333336,25.768645833333334,Low
Plateau,Karite nuts (sheanuts),30.0,83.69666666666667,59.661145833333336,25.768645833333334,Low
Plateau,Kenaf,30.0,83.69666666666667,59.661145833333336,25.768645833333334,Low
Plateau,Maize (corn),30.0,83.69666666666667,59.661145833333336,25.768645833333334,Low
Plateau,Melonseed,30.0,83.69666666666667,59.661145833333336,25.768645833333334,Low
Plateau,Other fibre crops,30.0,83.69666666666667,59.661145833333336,25.768645833333334,Low
Plateau,Other oil seeds,30.0,83.69666666666667,59.661145833333336,25.768645833333334,Low
Plateau,Other pulses,30.0,83.69666666666667,59.661145833333336,25.768645833333334,Low
Plateau,Potatoes,30.0,83.69666666666667,59.661145833333336,25.768645833333334,Low
Plateau,Rice,30.0,83.69666666666667,59.661145833333336,25.768645833333334,Low
Plateau,Seed cotton,30.0,83.69666666666667,59.661145833333336,25.768645833333334,Low
Plateau,Sesame seed,30.0,83.69666666666667,59.661145833333336,25.768645833333334,Low
Plateau,Soya beans,30.0,83.69666666666667,59.661145833333336,25.768645833333334,Low
Plateau,Tomatoes,30.0,83.69666666666667,59.661145833333336,25.768645833333334,Low
Plateau,Unmanufactured tobacco,30.0,83.69666666666667,59.661145833333336,25.768645833333334,Low
Plateau,Wheat,30.0,83.69666666666667,59.661145833333336,25.768645833333334,Low
Plateau,Yams,30.0,83.69666666666667,59.661145833333336,25.768645833333334,Low
Rivers,Bananas,30.0,229.67062499999997,87.47135416666667,25.973125,Medium
Rivers,"Cassava, fresh",30.0,229.67062499999997,87.47135416666667,25.973125,Medium
Rivers,Cocoa beans,30.0,229.67062499999997,87.47135416666667,25.973125,Medium
Rivers,"Coconuts, in shell",30.0,229.67062499999997,87.47135416666667,25.973125,Medium
Rivers,"Coffee, green",30.0,229.67062499999997,87.47135416666667,25.973125,Medium
Rivers,Kola nuts,30.0,229.67062499999997,87.47135416666667,25.973125,Medium
Rivers,"Mangoes, guavas and mangosteens",30.0,229.67062499999997,87.47135416666667,25.973125,Medium
Rivers,Natural rubber,30.0,229.67062499999997,87.47135416666667,25.973125,Medium
Rivers,Oil palm fruit,30.0,229.67062499999997,87.47135416666667,25.973125,Medium
Rivers,Okra,30.0,229.67062499999997,87.47135416666667,25.973125,Medium
Rivers,Other citrus fruit,30.0,229.67062499999997,87.47135416666667,25.973125,Medium
Rivers,Other fruits,30.0,229.67062499999997,87.47135416666667,25.973125,Medium
Rivers,Other nuts,30.0,229.67062499999997,87.47135416666667,25.973125,Medium
Rivers,Other stimulant crops,30.0,229.67062499999997,87.47135416666667,25.973125,Medium
Rivers,Other vegetables,30.0,229.67062499999997,87.47135416666667,25.973125,Medium
Rivers,Papayas,30.0,229.67062499999997,87.47135416666667,25.973125,Medium
Rivers,Pineapples,30.0,229.67062499999997,87.47135416666667,25.973125,Medium
Rivers,Plantains and cooking bananas,30.0,229.67062499999997,87.47135416666667,25.973125,Medium
Rivers,Rice,30.0,229.67062499999997,87.47135416666667,25.973125,Medium
Rivers,Sugar cane,30.0,229.67062499999997,87.47135416666667,25.973125,Medium
Rivers,Sweet potatoes,30.0,229.67062499999997,87.47135416666667,25.973125,Medium
Rivers,Taro,30.0,229.67062499999997,87.47135416666667,25.973125,Medium
Rivers,Yams,30.0,229.67062499999997,87.47135416666667,25.973125,Medium
Sokoto,"Cassava, fresh",30.0,78.44510416666667,48.65520833333333,27.12614583333333,Low
Sokoto,"Groundnut, excluding shelled",30.0,78.44510416666667,48.65520833333333,27.12614583333333,Low
Sokoto,Maize (corn),30.0,78.44510416666667,48.65520833333333,27.12614583333333,Low
Sokoto,Millet,30.0,78.44510416666667,48.65520833333333,27.12614583333333,Low
Sokoto,Sweet potatoes,30.0,78.44510416666667,48.65520833333333,27.12614583333333,Low
Sokoto,Rice,30.0,78.44510416666667,48.65520833333333,27.12614583333333,Low
Taraba,Bananas,30.0,120.73843749999999,68.6375,26.633854166666666,Medium
Taraba,Carrots and turnips,30.0,120.73843749999999,68.6375,26.633854166666666,Medium
Taraba,"Cashew nuts, in shell",30.0,120.73843749999999,68.6375,26.633854166666666,Medium
Taraba,"Cassava, fresh",30.0,120.73843749999999,68.6375,26.633854166666666,Medium
Taraba,"Coffee, green",30.0,120.73843749999999,68.6375,26.633854166666666,Medium
Taraba,"Ginger, raw",30.0,120.73843749999999,68.6375,26.633854166666666,Medium
Taraba,Green garlic,30.0,120.73843749999999,68.6375,26.633854166666666,Medium
Taraba,Karite nuts (sheanuts),30.0,120.73843749999999,68.6375,26.633854166666666,Medium
Taraba,Kenaf,30.0,120.73843749999999,68.6375,26.633854166666666,Medium
Taraba,Maize (corn),30.0,120.73843749999999,68.6375,26.633854166666666,Medium
Taraba,"Mangoes, guavas and mangosteens",30.0,120.73843749999999,68.6375,26.633854166666666,Medium
Taraba,Other fibre crops,30.0,120.73843749999999,68.6375,26.633854166666666,Medium
Taraba,Potatoes,30.0,120.73843749999999,68.6375,26.633854166666666,Medium
Taraba,Rice,30.0,120.73843749999999,68.6375,26.633854166666666,Medium
Taraba,Soya beans,30.0,120.73843749999999,68.6375,26.633854166666666,Medium
Taraba,Sugar cane,30.0,120.73843749999999,68.6375,26.633854166666666,Medium
Taraba,Unmanufactured tobacco,30.0,120.73843749999999,68.6375,26.633854166666666,Medium
Taraba,Wheat,30.0,120.73843749999999,68.6375,26.633854166666666,Medium
Taraba,Yams,30.0,120.73843749999999,68.6375,26.633854166666666,Medium
Yobe,"Chillies and peppers, dry",30.0,57.386770833333344,40.94864583333334,27.315624999999997,Low
Yobe,"Chillies and peppers, green",30.0,57.386770833333344,40.94864583333334,27.315624999999997,Low
Yobe,"Cow peas, dry",30.0,57.386770833333344,40.94864583333334,27.315624999999997,Low
Yobe,Fonio,30.0,57.386770833333344,40.94864583333334,27.315624999999997,Low
Yobe,"Groundnuts, excluding shelled",30.0,57.386770833333344,40.94864583333334,27.315624999999997,Low
Yobe,Millet,30.0,57.386770833333344,40.94864583333334,27.315624999999997,Low
Yobe,"Onions and shallots, dry",30.0,57.386770833333344,40.94864583333334,27.315624999999997,Low
Yobe,"Onions and shallots, green",30.0,57.386770833333344,40.94864583333334,27.315624999999997,Low
Yobe,Sorghum,30.0,57.386770833333344,40.94864583333334,27.315624999999997,Low
Zamfara,"Chillies and peppers, dry",30.0,72.776875,51.288645833333334,26.5371875,Low
Zamfara,"Chillies and peppers, green",30.0,72.776875,51.288645833333334,26.5371875,Low
Zamfara,"Cow peas, dry",30.0,72.776875,51.288645833333334,26.5371875,Low
Zamfara,Fonio,30.0,72.776875,51.288645833333334,26.5371875,Low
Zamfara,"Groundnuts, excluding shelled",30.0,72.776875,51.288645833333334,26.5371875,Low
Zamfara,Melonseed,30.0,72.776875,51.288645833333334,26.5371875,Low
Zamfara,Millet,30.0,72.776875,51.288645833333334,26.5371875,Low
Zamfara,"Onions and shallots, dry",30.0,72.776875,51.288645833333334,26.5371875,Low
Zamfara,"Onions and shallots, green",30.0,72.776875,51.288645833333334,26.5371875,Low
Zamfara,Other oil seeds,30.0,72.776875,51.288645833333334,26.5371875,Low
Zamfara,Other pulses,30.0,72.776875,51.288645833333334,26.5371875,Low
Zamfara,Seed cotton,30.0,72.776875,51.288645833333334,26.5371875,Low
Zamfara,Sesame seed,30.0,72.776875,51.288645833333334,26.5371875,Low
Zamfara,Sorghum,30.0,72.776875,51.288645833333334,26.5371875,Low
Zamfara,Tomatoes,30.0,72.776875,51.288645833333334,26.5371875,Low
